Al Bayan Bold=AlBayan-BoldAl Bayan Bold=AlBayan-BoldAl Bayan Plain=AlBayanAl Bayan Plain=AlBayanAl Nile Bold=AlNile-BoldAl Nile Bold=AlNile-BoldAl Nile=AlNileAl Nile=AlNileAl Tarikh Regular=AlTarikhAl Tarikh=AlTarikhAmerican Typewriter Bold=AmericanTypewriter-BoldAmerican Typewriter Bold=AmericanTypewriter-BoldAmerican Typewriter Condensed Bold=AmericanTypewriter-CondensedBoldAmerican Typewriter Condensed Bold=AmericanTypewriter-CondensedBoldAmerican Typewriter Condensed Light=AmericanTypewriter-CondensedLightAmerican Typewriter Condensed Light=AmericanTypewriter-CondensedLightAmerican Typewriter Condensed=AmericanTypewriter-CondensedAmerican Typewriter Condensed=AmericanTypewriter-CondensedAmerican Typewriter Light=AmericanTypewriter-LightAmerican Typewriter Light=AmericanTypewriter-LightAmerican Typewriter=AmericanTypewriterAmerican Typewriter=AmericanTypewriterAndale Mono=AndaleMonoAndale Mono=AndaleMonoApple Braille Outline 6 Dot=AppleBraille-Outline6DotApple Braille Outline 8 Dot=AppleBraille-Outline8DotApple Braille Pinpoint 6 Dot=AppleBraille-Pinpoint6DotApple Braille Pinpoint 6 Dot=AppleBraille-Pinpoint6DotApple Braille Pinpoint 8 Dot=AppleBraille-Pinpoint8DotApple Braille Pinpoint 8 Dot=AppleBraille-Pinpoint8DotApple Braille=AppleBrailleApple Braille=AppleBrailleApple Chancery=Apple-ChanceryApple Chancery=Apple-ChanceryApple Color Emoji=AppleColorEmojiApple Color Emoji=AppleColorEmojiApple LiGothic Medium=LiGothicMedApple LiSung Light=LiSungLightApple SD Gothic Neo Bold=AppleSDGothicNeo-BoldApple SD Gothic Neo Bold=AppleSDGothicNeo-BoldApple SD Gothic Neo Heavy=AppleSDGothicNeo-HeavyApple SD Gothic Neo Medium=AppleSDGothicNeo-MediumApple SD Gothic Neo Medium=AppleSDGothicNeo-MediumApple SD Gothic Neo Regular=AppleSDGothicNeo-RegularApple SD Gothic Neo Regular=AppleSDGothicNeo-RegularApple SD Gothic Neo SemiBold=AppleSDGothicNeo-SemiBoldApple SD Gothic Neo SemiBold=AppleSDGothicNeo-SemiBoldApple SD Gothic Neo Thin=AppleSDGothicNeo-ThinApple SD Gothic Neo Thin=AppleSDGothicNeo-ThinApple SD Gothic Neo UltraLight=AppleSDGothicNeo-UltraLightApple SD Gothic Neo UltraLight=AppleSDGothicNeo-UltraLightApple SD GothicNeo ExtraBold=AppleSDGothicNeo-ExtraBoldApple SD GothicNeo ExtraBold=AppleSDGothicNeo-ExtraBoldApple Symbols=AppleSymbolsApple Symbols=AppleSymbolsAppleGothic Regular=AppleGothicAppleGothic Regular=AppleGothicAppleMyungjo Regular=AppleMyungjoAppleMyungjo Regular=AppleMyungjoArial Black=Arial-BlackArial Black=Arial-BlackArial Bold Italic=Arial-BoldItalicMTArial Bold Italic=Arial-BoldItalicMTArial Bold=Arial-BoldMTArial Hebrew Bold=ArialHebrew-BoldArial Hebrew Bold=ArialHebrew-BoldArial Hebrew Light=ArialHebrew-LightArial Hebrew Light=ArialHebrew-LightArial Hebrew Scholar Bold=ArialHebrewScholar-BoldArial Hebrew Scholar Light=ArialHebrewScholar-LightArial Hebrew Scholar=ArialHebrewScholarArial Hebrew=ArialHebrewArial Hebrew=ArialHebrewArial Italic=Arial-ItalicMTArial Italic=Arial-ItalicMTArial Narrow Bold=ArialNarrow-BoldArial Narrow Bold=ArialNarrow-BoldArial Narrow Italic=ArialNarrow-ItalicArial Narrow Italic=ArialNarrow-ItalicArial Narrow=ArialNarrowArial Unicode MS=ArialUnicodeMSArial Unicode MS=ArialUnicodeMSArial=ArialMTArial=ArialMTAthelas Bold Italic=Athelas-BoldItalicAthelas Bold Italic=Athelas-BoldItalicAthelas Bold=Athelas-BoldAthelas Italic=Athelas-ItalicAthelas Italic=Athelas-ItalicAthelas Regular=Athelas-RegularAthelas Regular=Athelas-RegularAvenir Black Oblique=Avenir-BlackObliqueAvenir Black Oblique=Avenir-BlackObliqueAvenir Black=Avenir-BlackAvenir Black=Avenir-BlackAvenir Book Oblique=Avenir-BookObliqueAvenir Book Oblique=Avenir-BookObliqueAvenir Book=Avenir-BookAvenir Book=Avenir-BookAvenir Heavy Oblique=Avenir-HeavyObliqueAvenir Heavy Oblique=Avenir-HeavyObliqueAvenir Heavy=Avenir-HeavyAvenir Heavy=Avenir-HeavyAvenir Light Oblique=Avenir-LightObliqueAvenir Light Oblique=Avenir-LightObliqueAvenir Light=Avenir-LightAvenir Light=Avenir-LightAvenir Medium Oblique=Avenir-MediumObliqueAvenir Medium Oblique=Avenir-MediumObliqueAvenir Medium=Avenir-MediumAvenir Medium=Avenir-MediumAvenir Next Bold Italic=AvenirNext-BoldItalicAvenir Next Bold Italic=AvenirNext-BoldItalicAvenir Next Bold=AvenirNext-BoldAvenir Next Bold=AvenirNext-BoldAvenir Next Condensed Bold Italic=AvenirNextCondensed-BoldItalicAvenir Next Condensed Bold Italic=AvenirNextCondensed-BoldItalicAvenir Next Condensed Bold=AvenirNextCondensed-BoldAvenir Next Condensed Bold=AvenirNextCondensed-BoldAvenir Next Condensed Demi Bold Italic=AvenirNextCondensed-DemiBoldItalicAvenir Next Condensed Demi Bold Italic=AvenirNextCondensed-DemiBoldItalicAvenir Next Condensed Demi Bold=AvenirNextCondensed-DemiBoldAvenir Next Condensed Demi Bold=AvenirNextCondensed-DemiBoldAvenir Next Condensed Heavy Italic=AvenirNextCondensed-HeavyItalicAvenir Next Condensed Heavy Italic=AvenirNextCondensed-HeavyItalicAvenir Next Condensed Heavy=AvenirNextCondensed-HeavyAvenir Next Condensed Heavy=AvenirNextCondensed-HeavyAvenir Next Condensed Italic=AvenirNextCondensed-ItalicAvenir Next Condensed Italic=AvenirNextCondensed-ItalicAvenir Next Condensed Medium Italic=AvenirNextCondensed-MediumItalicAvenir Next Condensed Medium Italic=AvenirNextCondensed-MediumItalicAvenir Next Condensed Medium=AvenirNextCondensed-MediumAvenir Next Condensed Medium=AvenirNextCondensed-MediumAvenir Next Condensed Ultra Light Italic=AvenirNextCondensed-UltraLightItalicAvenir Next Condensed Ultra Light Italic=AvenirNextCondensed-UltraLightItalicAvenir Next Condensed Ultra Light=AvenirNextCondensed-UltraLightAvenir Next Condensed Ultra Light=AvenirNextCondensed-UltraLightAvenir Next Demi Bold Italic=AvenirNext-DemiBoldItalicAvenir Next Demi Bold Italic=AvenirNext-DemiBoldItalicAvenir Next Demi Bold=AvenirNext-DemiBoldAvenir Next Heavy Italic=AvenirNext-HeavyItalicAvenir Next Heavy Italic=AvenirNext-HeavyItalicAvenir Next Heavy=AvenirNext-HeavyAvenir Next Italic=AvenirNext-ItalicAvenir Next Italic=AvenirNext-ItalicAvenir Next Medium Italic=AvenirNext-MediumItalicAvenir Next Medium Italic=AvenirNext-MediumItalicAvenir Next Medium=AvenirNext-MediumAvenir Next Medium=AvenirNext-MediumAvenir Next Regular=AvenirNext-RegularAvenir Next Regular=AvenirNext-RegularAvenir Next Ultra Light=AvenirNext-UltraLightAvenir Next Ultra Light=AvenirNext-UltraLightAvenir Oblique=Avenir-ObliqueAvenir Oblique=Avenir-ObliqueAvenir Roman=Avenir-RomanAvenir Roman=Avenir-RomanAyuthaya=AyuthayaBaghdad Regular=BaghdadBaghdad=BaghdadBangla MN Bold=BanglaMN-BoldBangla MN Bold=BanglaMN-BoldBangla MN=BanglaMNBangla MN=BanglaMNBangla Sangam MN Bold=BanglaSangamMN-BoldBangla Sangam MN Bold=BanglaSangamMN-BoldBangla Sangam MN=BanglaSangamMNBangla Sangam MN=BanglaSangamMNBaoli SC Regular=STBaoli-SC-RegularBaoli SC Regular=STBaoli-SC-RegularBaskerville Bold Italic=Baskerville-BoldItalicBaskerville Bold Italic=Baskerville-BoldItalicBaskerville Bold=Baskerville-BoldBaskerville Bold=Baskerville-BoldBaskerville Italic=Baskerville-ItalicBaskerville Italic=Baskerville-ItalicBaskerville SemiBold Italic=Baskerville-SemiBoldItalicBaskerville SemiBold Italic=Baskerville-SemiBoldItalicBaskerville SemiBold=Baskerville-SemiBoldBaskerville SemiBold=Baskerville-SemiBoldBaskerville=BaskervilleBaskerville=BaskervilleBeirut Regular=BeirutBeirut=BeirutBiauKai=DFKaiShu-SB-Estd-BFBig Caslon Medium=BigCaslon-MediumBig Caslon Medium=BigCaslon-MediumBodoni 72 Bold=BodoniSvtyTwoITCTT-BoldBodoni 72 Book Italic=BodoniSvtyTwoITCTT-BookItaBodoni 72 Book=BodoniSvtyTwoITCTT-BookBodoni 72 Oldstyle Bold=BodoniSvtyTwoOSITCTT-BoldBodoni 72 Oldstyle Book Italic=BodoniSvtyTwoOSITCTT-BookItBodoni 72 Oldstyle Book=BodoniSvtyTwoOSITCTT-BookBodoni 72 Smallcaps Book=BodoniSvtyTwoSCITCTT-BookBodoni Ornaments=BodoniOrnamentsITCTTBradley Hand Bold=BradleyHandITCTT-BoldBrush Script MT Italic=BrushScriptMTChalkboard Bold=Chalkboard-BoldChalkboard Bold=Chalkboard-BoldChalkboard SE Bold=ChalkboardSE-BoldChalkboard SE Bold=ChalkboardSE-BoldChalkboard SE Light=ChalkboardSE-LightChalkboard SE Light=ChalkboardSE-LightChalkboard SE Regular=ChalkboardSE-RegularChalkboard SE Regular=ChalkboardSE-RegularChalkboard=ChalkboardChalkboard=ChalkboardChalkduster=ChalkdusterChalkduster=ChalkdusterCharcoal CY=CharcoalCYCharter Black Italic=Charter-BlackItalicCharter Black Italic=Charter-BlackItalicCharter Black=Charter-BlackCharter Black=Charter-BlackCharter Bold Italic=Charter-BoldItalicCharter Bold Italic=Charter-BoldItalicCharter Bold=Charter-BoldCharter Bold=Charter-BoldCharter Italic=Charter-ItalicCharter Italic=Charter-ItalicCharter Roman=Charter-RomanCochin Bold Italic=Cochin-BoldItalicCochin Bold=Cochin-BoldCochin Bold=Cochin-BoldCochin Italic=Cochin-ItalicCochin Italic=Cochin-ItalicCochin=CochinCochin=CochinComic Sans MS Bold=ComicSansMS-BoldComic Sans MS Bold=ComicSansMS-BoldCopperplate Bold=Copperplate-BoldCopperplate Bold=Copperplate-BoldCopperplate Light=Copperplate-LightCopperplate Light=Copperplate-LightCopperplate=CopperplateCopperplate=CopperplateCorsiva Hebrew Bold=CorsivaHebrew-BoldCorsiva Hebrew Bold=CorsivaHebrew-BoldCorsiva Hebrew=CorsivaHebrewCorsiva Hebrew=CorsivaHebrewCourier Bold Oblique=Courier-BoldObliqueCourier Bold=Courier-BoldCourier Bold=Courier-BoldCourier New Bold Italic=CourierNewPS-BoldItalicMTCourier New Bold Italic=CourierNewPS-BoldItalicMTCourier New Bold=CourierNewPS-BoldMTCourier New Bold=CourierNewPS-BoldMTCourier New Italic=CourierNewPS-ItalicMTCourier New Italic=CourierNewPS-ItalicMTCourier New=CourierNewPSMTCourier New=CourierNewPSMTCourier Oblique=Courier-ObliqueCourier=CourierCourier=CourierDamascus Bold=DamascusBoldDamascus Bold=DamascusBoldDamascus Light=DamascusLightDamascus Medium=DamascusMediumDamascus Medium=DamascusMediumDamascus Regular=DamascusDamascus Semi Bold=DamascusSemiBoldDamascus=DamascusDecoType Naskh Regular=DecoTypeNaskhDecoType Naskh=DecoTypeNaskhDevanagari MT Bold=DevanagariMT-BoldDevanagari MT Bold=DevanagariMT-BoldDevanagari MT=DevanagariMTDevanagari Sangam MN=DevanagariSangamMNDevanagari Sangam MN=DevanagariSangamMNDidot Italic=Didot-ItalicDidot Italic=Didot-ItalicDidot=DidotDidot=DidotDIN Alternate Bold=DINAlternate-BoldDIN Alternate Bold=DINAlternate-BoldDIN Condensed Bold=DINCondensed-BoldDiwan Kufi Regular=DiwanKufiDiwan Kufi=DiwanKufiDiwan Mishafi=DiwanMishafiDiwan Thuluth Regular=DiwanThuluthDiwan Thuluth=DiwanThuluthEuphemia UCAS Bold=EuphemiaUCAS-BoldEuphemia UCAS Bold=EuphemiaUCAS-BoldEuphemia UCAS Italic=EuphemiaUCAS-ItalicEuphemia UCAS Italic=EuphemiaUCAS-ItalicEuphemia UCAS=EuphemiaUCASEuphemia UCAS=EuphemiaUCASF37Ginger-Italic=F37Ginger-ItalicFarah Regular=FarahFarah=FarahFarisi Regular=FarisiFarisi=FarisiFutura Condensed ExtraBold=Futura-CondensedExtraBoldFutura Condensed Medium=Futura-CondensedMediumFutura Condensed Medium=Futura-CondensedMediumFutura Medium Italic=Futura-MediumItalicFutura Medium Italic=Futura-MediumItalicFutura Medium=Futura-MediumFutura Medium=Futura-MediumGB18030 Bitmap=GB18030BitmapGB18030 Bitmap=GB18030BitmapGeeza Pro Bold=GeezaPro-BoldGeeza Pro Bold=GeezaPro-BoldGeeza Pro Regular=GeezaProGeeza Pro=GeezaProGeneva CY=GenevaCyrGeneva=GenevaGeneva=GenevaGeorgia Bold Italic=Georgia-BoldItalicGeorgia Bold Italic=Georgia-BoldItalicGeorgia Bold=Georgia-BoldGeorgia Bold=Georgia-BoldGeorgia Italic=Georgia-ItalicGeorgia Italic=Georgia-ItalicGeorgia=GeorgiaGeorgia=GeorgiaGill Sans Bold Italic=GillSans-BoldItalicGill Sans Bold Italic=GillSans-BoldItalicGill Sans Bold=GillSans-BoldGill Sans Bold=GillSans-BoldGill Sans Italic=GillSans-ItalicGill Sans Italic=GillSans-ItalicGill Sans Light Italic=GillSans-LightItalicGill Sans Light Italic=GillSans-LightItalicGill Sans Light=GillSans-LightGill Sans Light=GillSans-LightGill Sans SemiBold Italic=GillSans-SemiBoldItalicGill Sans SemiBold Italic=GillSans-SemiBoldItalicGill Sans SemiBold=GillSans-SemiBoldGill Sans SemiBold=GillSans-SemiBoldGill Sans UltraBold=GillSans-UltraBoldGill Sans UltraBold=GillSans-UltraBoldGill Sans=GillSansGill Sans=GillSansGujarati MT Bold=GujaratiMT-BoldGujarati MT Bold=GujaratiMT-BoldGujarati MT=GujaratiMTGujarati MT=GujaratiMTGujarati Sangam MN Bold=GujaratiSangamMN-BoldGujarati Sangam MN Bold=GujaratiSangamMN-BoldGujarati Sangam MN=GujaratiSangamMNGujarati Sangam MN=GujaratiSangamMNGungSeo Regular=JCkgGungSeo Regular=JCkgGurmukhi MN Bold=GurmukhiMN-BoldGurmukhi MN Bold=GurmukhiMN-BoldGurmukhi MN=GurmukhiMNGurmukhi MN=GurmukhiMNGurmukhi MT=MonotypeGurmukhiGurmukhi MT=MonotypeGurmukhiGurmukhi Sangam MN Bold=GurmukhiSangamMN-BoldGurmukhi Sangam MN=GurmukhiSangamMNGurmukhi Sangam MN=GurmukhiSangamMNHannotate SC Bold=HannotateSC-W7Hannotate SC Bold=HannotateSC-W7Hannotate SC Regular=HannotateSC-W5Hannotate SC Regular=HannotateSC-W5Hannotate TC Bold=HannotateTC-W7Hannotate TC Bold=HannotateTC-W7Hannotate TC Regular=HannotateTC-W5Hannotate TC Regular=HannotateTC-W5HanziPen TC Bold=HanziPenTC-W5HanziPen TC Bold=HanziPenTC-W5HanziPen TC Regular=HanziPenTC-W3HanziPen TC Regular=HanziPenTC-W3HeadLineA Regular=JCHEadAHeadLineA Regular=JCHEadAHei Regular=SIL-Hei-Med-JianHeinemannSpecial-Roman=HeinemannSpecial-RomanHeiti SC Light=STHeitiSC-LightHeiti SC Light=STHeitiSC-LightHeiti SC Medium=STHeitiSC-MediumHeiti SC Medium=STHeitiSC-MediumHeiti TC Medium=STHeitiTC-MediumHeiti TC Medium=STHeitiTC-MediumHelvetica Bold Oblique=Helvetica-BoldObliqueHelvetica Bold Oblique=Helvetica-BoldObliqueHelvetica Bold=Helvetica-BoldHelvetica Bold=Helvetica-BoldHelvetica CY Bold=HelveticaCY-BoldHelvetica CY BoldOblique=HelveticaCY-BoldObliqueHelvetica CY Oblique=HelveticaCY-ObliqueHelvetica CY Plain=HelveticaCY-PlainHelvetica Light Oblique=Helvetica-LightObliqueHelvetica Light Oblique=Helvetica-LightObliqueHelvetica Neue Bold Italic=HelveticaNeue-BoldItalicHelvetica Neue Bold Italic=HelveticaNeue-BoldItalicHelvetica Neue Bold=HelveticaNeue-BoldHelvetica Neue Bold=HelveticaNeue-BoldHelvetica Neue Condensed Black=HelveticaNeue-CondensedBlackHelvetica Neue Condensed Black=HelveticaNeue-CondensedBlackHelvetica Neue Condensed Bold=HelveticaNeue-CondensedBoldHelvetica Neue Condensed Bold=HelveticaNeue-CondensedBoldHelvetica Neue Italic=HelveticaNeue-ItalicHelvetica Neue Italic=HelveticaNeue-ItalicHelvetica Neue Light Italic=HelveticaNeue-LightItalicHelvetica Neue Light Italic=HelveticaNeue-LightItalicHelvetica Neue Light=HelveticaNeue-LightHelvetica Neue Light=HelveticaNeue-LightHelvetica Neue Medium Italic=HelveticaNeue-MediumItalicHelvetica Neue Medium Italic=HelveticaNeue-MediumItalicHelvetica Neue Medium=HelveticaNeue-MediumHelvetica Neue Medium=HelveticaNeue-MediumHelvetica Neue Thin Italic=HelveticaNeue-ThinItalicHelvetica Neue Thin Italic=HelveticaNeue-ThinItalicHelvetica Neue Thin=HelveticaNeue-ThinHelvetica Neue Thin=HelveticaNeue-ThinHelvetica Neue UltraLight Italic=HelveticaNeue-UltraLightItalicHelvetica Neue UltraLight Italic=HelveticaNeue-UltraLightItalicHelvetica Neue UltraLight=HelveticaNeue-UltraLightHelvetica Neue UltraLight=HelveticaNeue-UltraLightHelvetica Neue=HelveticaNeueHelvetica Neue=HelveticaNeueHelvetica Oblique=Helvetica-ObliqueHelvetica Oblique=Helvetica-ObliqueHelvetica=HelveticaHelvetica=HelveticaHerculanum=HerculanumHiragino Kaku Gothic Pro W3=HiraKakuPro-W3Hiragino Kaku Gothic Pro W3=HiraKakuPro-W3Hiragino Kaku Gothic Pro W6=HiraKakuPro-W6Hiragino Kaku Gothic Pro W6=HiraKakuPro-W6Hiragino Kaku Gothic ProN W3=HiraKakuProN-W3Hiragino Kaku Gothic ProN W3=HiraKakuProN-W3Hiragino Kaku Gothic ProN W6=HiraKakuProN-W6Hiragino Kaku Gothic ProN W6=HiraKakuProN-W6Hiragino Kaku Gothic Std W8=HiraKakuStd-W8Hiragino Kaku Gothic Std W8=HiraKakuStd-W8Hiragino Kaku Gothic StdN W8=HiraKakuStdN-W8Hiragino Kaku Gothic StdN W8=HiraKakuStdN-W8Hiragino Maru Gothic ProN W4=HiraMaruProN-W4Hiragino Mincho Pro W3=HiraMinPro-W3Hiragino Mincho Pro W6=HiraMinPro-W6Hiragino Mincho ProN W3=HiraMinProN-W3Hiragino Mincho ProN W3=HiraMinProN-W3Hiragino Mincho ProN W6=HiraMinProN-W6Hiragino Mincho ProN W6=HiraMinProN-W6Hiragino Sans GB W3=HiraginoSansGB-W3Hiragino Sans GB W3=HiraginoSansGB-W3Hoefler Text Black Italic=HoeflerText-BlackItalicHoefler Text Black Italic=HoeflerText-BlackItalicHoefler Text Italic=HoeflerText-ItalicHoefler Text Italic=HoeflerText-ItalicHoefler Text Ornaments=HoeflerText-OrnamentsHoefler Text Ornaments=HoeflerText-OrnamentsHoefler Text=HoeflerText-RegularHoefler Text=HoeflerText-RegularImpact=ImpactImpact=ImpactInaiMathi=InaiMathiInaiMathi=InaiMathiIowan Old Style Black Italic=IowanOldStyle-BlackItalicIowan Old Style Bold Italic=IowanOldStyle-BoldItalicIowan Old Style Bold Italic=IowanOldStyle-BoldItalicIowan Old Style Bold=IowanOldStyle-BoldIowan Old Style Bold=IowanOldStyle-BoldIowan Old Style Italic=IowanOldStyle-ItalicIowan Old Style Italic=IowanOldStyle-ItalicIowan Old Style Roman=IowanOldStyle-RomanIowan Old Style Roman=IowanOldStyle-RomanIowan Old Style Titling=IowanOldStyle-TitlingIowan Old Style Titling=IowanOldStyle-TitlingITF Devanagari Bold=ITFDevanagari-BoldITF Devanagari Book=ITFDevanagari-BookITF Devanagari Demi=ITFDevanagari-DemiKai Regular=SIL-Kai-Reg-JianKailasa Regular=KailasaKailasa Regular=KailasaKaiti SC Black=STKaiti-SC-BlackKaiti SC Black=STKaiti-SC-BlackKaiti SC Bold=STKaiti-SC-BoldKaiti SC Bold=STKaiti-SC-BoldKaiti SC Regular=STKaiti-SC-RegularKaiti SC Regular=STKaiti-SC-RegularKaiti TC Bold=STKaiTi-TC-BoldKaiti TC Bold=STKaiTi-TC-BoldKaiti TC Regular=STKaiTi-TC-RegularKaiti TC Regular=STKaiTi-TC-RegularKannada MN Bold=KannadaMN-BoldKannada MN=KannadaMNKannada MN=KannadaMNKannada Sangam MN Bold=KannadaSangamMN-BoldKannada Sangam MN Bold=KannadaSangamMN-BoldKannada Sangam MN=KannadaSangamMNKannada Sangam MN=KannadaSangamMNKefa Bold=Kefa-BoldKefa Bold=Kefa-BoldKefa Regular=Kefa-RegularKefa Regular=Kefa-RegularKhmer MN Bold=KhmerMN-BoldKhmer MN Bold=KhmerMN-BoldKhmer MN=KhmerMNKhmer MN=KhmerMNKhmer Sangam MN=KhmerSangamMNKhmer Sangam MN=KhmerSangamMNKohinoor Devanagari Bold=KohinoorDevanagari-BoldKohinoor Devanagari Book=KohinoorDevanagari-BookKohinoor Devanagari Light=KohinoorDevanagari-LightKohinoor Devanagari Medium=KohinoorDevanagari-MediumKokonor Regular=KokonorKokonor Regular=KokonorKrungthep=KrungthepKrungthep=KrungthepKufiStandardGK Regular=KufiStandardGKKufiStandardGK=KufiStandardGKLantinghei SC Demibold=FZLTZHK--GBK1-0Lantinghei SC Demibold=FZLTZHK--GBK1-0Lantinghei SC Extralight=FZLTXHK--GBK1-0Lantinghei SC Extralight=FZLTXHK--GBK1-0Lantinghei SC Heavy=FZLTTHK--GBK1-0Lantinghei SC Heavy=FZLTTHK--GBK1-0Lantinghei TC Demibold=FZLTZHB--B51-0Lantinghei TC Demibold=FZLTZHB--B51-0Lantinghei TC Extralight=FZLTXHB--B51-0Lantinghei TC Extralight=FZLTXHB--B51-0Lantinghei TC Heavy=FZLTTHB--B51-0Lantinghei TC Heavy=FZLTTHB--B51-0Lao MN Bold=LaoMN-BoldLao MN Bold=LaoMN-BoldLao MN=LaoMNLao MN=LaoMNLao Sangam MN=LaoSangamMNLiHei Pro=LiHeiProLiHei Pro=LiHeiProLiSong Pro=LiSongProLiSong Pro=LiSongProLucida Grande Bold=LucidaGrande-BoldLucida Grande Bold=LucidaGrande-BoldLuminari=Luminari-RegularMalayalam MN Bold=MalayalamMN-BoldMalayalam MN Bold=MalayalamMN-BoldMalayalam MN=MalayalamMNMalayalam MN=MalayalamMNMalayalam Sangam MN Bold=MalayalamSangamMN-BoldMalayalam Sangam MN Bold=MalayalamSangamMN-BoldMalayalam Sangam MN=MalayalamSangamMNMalayalam Sangam MN=MalayalamSangamMNMarion Italic=Marion-ItalicMarion Regular=Marion-RegularMarion Regular=Marion-RegularMarker Felt Wide=MarkerFelt-WideMarker Felt Wide=MarkerFelt-WideMasterpiece Uni Round=MasterpieceUniRoundMenlo Bold Italic=Menlo-BoldItalicMenlo Bold Italic=Menlo-BoldItalicMenlo Italic=Menlo-ItalicMenlo Italic=Menlo-ItalicMenlo Regular=Menlo-RegularMenlo Regular=Menlo-RegularMicrosoft Sans Serif=MicrosoftSansSerifMicrosoft Sans Serif=MicrosoftSansSerifMishafi Gold Regular=DiwanMishafiGoldMishafi Regular=DiwanMishafiMonaco=MonacoMonaco=MonacoMshtakan Bold=MshtakanBoldMshtakan Bold=MshtakanBoldMshtakan BoldOblique=MshtakanBoldObliqueMshtakan BoldOblique=MshtakanBoldObliqueMshtakan Oblique=MshtakanObliqueMshtakan Oblique=MshtakanObliqueMshtakan=MshtakanMshtakan=MshtakanMuna Black=MunaBlackMuna Black=MunaBlackMuna Bold=MunaBoldMuna Regular=MunaMuna=MunaMyanmar MN Bold=MyanmarMN-BoldMyanmar MN Bold=MyanmarMN-BoldMyanmar MN=MyanmarMNMyanmar MN=MyanmarMNMyanmar Sangam MN=MyanmarSangamMNMyanmar Sangam MN=MyanmarSangamMNNadeem Regular=NadeemNanum Brush Script=NanumBrushNanum Brush Script=NanumBrushNanum Pen Script=NanumPenNanum Pen Script=NanumPenNanumGothic Bold=NanumGothicBoldNanumGothic ExtraBold=NanumGothicExtraBoldNanumGothic ExtraBold=NanumGothicExtraBoldNanumGothic=NanumGothicNanumGothic=NanumGothicNanumMyeongjo Bold=NanumMyeongjoBoldNanumMyeongjo Bold=NanumMyeongjoBoldNanumMyeongjo ExtraBold=NanumMyeongjoExtraBoldNanumMyeongjo=NanumMyeongjoNanumMyeongjo=NanumMyeongjoNew Peninim MT Bold Inclined=NewPeninimMT-BoldInclinedNew Peninim MT Bold Inclined=NewPeninimMT-BoldInclinedNew Peninim MT Bold=NewPeninimMT-BoldNew Peninim MT Bold=NewPeninimMT-BoldNew Peninim MT Inclined=NewPeninimMT-InclinedNew Peninim MT Inclined=NewPeninimMT-InclinedNew Peninim MT=NewPeninimMTNew Peninim MT=NewPeninimMTNoteworthy Bold=Noteworthy-BoldNoteworthy Bold=Noteworthy-BoldNoteworthy Light=Noteworthy-LightNoteworthy Light=Noteworthy-LightOptima Bold Italic=Optima-BoldItalicOptima Bold Italic=Optima-BoldItalicOptima Bold=Optima-BoldOptima Bold=Optima-BoldOptima ExtraBlack=Optima-ExtraBlackOptima ExtraBlack=Optima-ExtraBlackOptima Italic=Optima-ItalicOptima Italic=Optima-ItalicOptima Regular=Optima-RegularOptima Regular=Optima-RegularOriya MN Bold=OriyaMN-BoldOriya MN Bold=OriyaMN-BoldOriya MN=OriyaMNOriya MN=OriyaMNOriya Sangam MN Bold=OriyaSangamMN-BoldOriya Sangam MN Bold=OriyaSangamMN-BoldOriya Sangam MN=OriyaSangamMNOriya Sangam MN=OriyaSangamMNOsaka-Mono=Osaka-MonoOsaka-Mono=Osaka-MonoOsaka=OsakaOsaka=OsakaPalatino Bold Italic=Palatino-BoldItalicPalatino Bold Italic=Palatino-BoldItalicPalatino Bold=Palatino-BoldPalatino Bold=Palatino-BoldPalatino Italic=Palatino-ItalicPalatino=PalatiPalatino=Palatino-RomanPapyrus Condensed=Papyrus-CondensedPapyrus Condensed=Papyrus-CondensedPapyrus=PapyrusPapyrus=PapyrusPCMyungjo Regular=JCsmPCPCMyungjo Regular=JCsmPCPhosphate Inline=Phosphate-InlinePhosphate Solid=Phosphate-SolidPilGi Regular=JCfgPilGi Regular=JCfgPlantagenet Cherokee=PlantagenetCherokeePlantagenet Cherokee=PlantagenetCherokeePT Mono Bold=PTMono-BoldPT Mono Bold=PTMono-BoldPT Mono=PTMono-RegularPT Mono=PTMono-RegularPT Sans Bold Italic=PTSans-BoldItalicPT Sans Bold Italic=PTSans-BoldItalicPT Sans Bold=PTSans-BoldPT Sans Bold=PTSans-BoldPT Sans Caption Bold=PTSans-CaptionBoldPT Sans Caption Bold=PTSans-CaptionBoldPT Sans Caption=PTSans-CaptionPT Sans Italic=PTSans-ItalicPT Sans Italic=PTSans-ItalicPT Sans Narrow Bold=PTSans-NarrowBoldPT Sans Narrow Bold=PTSans-NarrowBoldPT Sans Narrow=PTSans-NarrowPT Sans Narrow=PTSans-NarrowPT Sans=PTSans-RegularPT Sans=PTSans-RegularPT Serif Bold Italic=PTSerif-BoldItalicPT Serif Bold Italic=PTSerif-BoldItalicPT Serif Bold=PTSerif-BoldPT Serif Bold=PTSerif-BoldPT Serif Caption Italic=PTSerif-CaptionItalicPT Serif Caption Italic=PTSerif-CaptionItalicPT Serif Caption=PTSerif-CaptionPT Serif Caption=PTSerif-CaptionPT Serif Italic=PTSerif-ItalicPT Serif Italic=PTSerif-ItalicPT Serif=PTSerif-RegularPT Serif=PTSerif-RegularRaanana Bold=RaananaBoldRaanana=RaananaRaanana=RaananaRoboto Bold=Roboto-BoldSana Regular=SanaSana=SanaSathu=SathuSathu=SathuSeravek Bold Italic=Seravek-BoldItalicSeravek Bold Italic=Seravek-BoldItalicSeravek Bold=Seravek-BoldSeravek Bold=Seravek-BoldSeravek ExtraLight Italic=Seravek-ExtraLightItalicSeravek ExtraLight Italic=Seravek-ExtraLightItalicSeravek ExtraLight=Seravek-ExtraLightSeravek ExtraLight=Seravek-ExtraLightSeravek Italic=Seravek-ItalicSeravek Light Italic=Seravek-LightItalicSeravek Light Italic=Seravek-LightItalicSeravek Light=Seravek-LightSeravek Light=Seravek-LightSeravek Medium Italic=Seravek-MediumItalicSeravek Medium Italic=Seravek-MediumItalicSeravek Medium=Seravek-MediumSeravek Medium=Seravek-MediumSeravek=SeravekSeravek=SeravekShree Devanagari 714 Bold Italic=ShreeDev0714-Bold-ItalicShree Devanagari 714 Italic=ShreeDev0714-ItalicShree Devanagari 714=ShreeDev0714SignPainter-HouseScript=SignPainter-HouseScriptSilom=SilomSilom=SilomSinhala MN Bold=SinhalaMN-BoldSinhala MN Bold=SinhalaMN-BoldSinhala MN=SinhalaMNSinhala MN=SinhalaMNSinhala Sangam MN Bold=SinhalaSangamMN-BoldSinhala Sangam MN Bold=SinhalaSangamMN-BoldSinhala Sangam MN=SinhalaSangamMNSinhala Sangam MN=SinhalaSangamMNSkia Black Condensed=Skia-Regular_Black-CondensedSkia Black Extended=Skia-Regular_Black-ExtendedSkia Black=Skia-Regular_BlackSkia Bold=Skia-Regular_BoldSkia Condensed=Skia-Regular_CondensedSkia Extended=Skia-Regular_ExtendedSkia Light Extended=Skia-Regular_Light-ExtendedSkia Light=Skia-Regular_LightSkia Regular=Skia-RegularSkia Regular=Skia-RegularSkia Regular=Skia-Regular_BlackSkia Regular=Skia-Regular_Black-CondensedSkia Regular=Skia-Regular_Black-ExtendedSkia Regular=Skia-Regular_BoldSkia Regular=Skia-Regular_CondensedSkia Regular=Skia-Regular_ExtendedSkia Regular=Skia-Regular_LightSkia Regular=Skia-Regular_Light-CondensedSkia Regular=Skia-Regular_Light-ExtendedSnell Roundhand Black=SnellRoundhand-BlackSnell Roundhand Black=SnellRoundhand-BlackSnell Roundhand Bold=Snell Roundhand=SnellRoundhandSnell Roundhand=SnellRoundhandSongti SC Black=STSongti-SC-BlackSongti SC Black=STSongti-SC-BlackSongti SC Bold=STSongti-SC-BoldSongti SC Bold=STSongti-SC-BoldSongti SC Regular=STSongti-SC-RegularSongti SC Regular=STSongti-SC-RegularSongti TC Bold=STSongti-TC-BoldSongti TC Bold=STSongti-TC-BoldSongti TC Light=STSongti-TC-LightSongti TC Light=STSongti-TC-LightSongti TC Regular=STSongti-TC-RegularSource Code Pro=SourceCodePro-RegularSTFangsong=STFangsongSTFangsong=STFangsongSTHeiti=STHeitiSTHeiti=STHeitiSTIXGeneral-Bold=STIXGeneral-BoldSTIXGeneral-Bold=STIXGeneral-BoldSTIXGeneral-BoldItalic=STIXGeneral-BoldItalicSTIXGeneral-BoldItalic=STIXGeneral-BoldItalicSTIXGeneral-Italic=STIXGeneral-ItalicSTIXGeneral-Italic=STIXGeneral-ItalicSTIXGeneral-Regular=STIXGeneral-RegularSTIXGeneral-Regular=STIXGeneral-RegularSTIXIntegralsD-Bold=STIXIntegralsD-BoldSTIXIntegralsD-Bold=STIXIntegralsD-BoldSTIXIntegralsD-Regular=STIXIntegralsD-RegularSTIXIntegralsD-Regular=STIXIntegralsD-RegularSTIXIntegralsSm-Bold=STIXIntegralsSm-BoldSTIXIntegralsSm-Bold=STIXIntegralsSm-BoldSTIXIntegralsSm-Regular=STIXIntegralsSm-RegularSTIXIntegralsUp-Bold=STIXIntegralsUp-BoldSTIXIntegralsUp-Bold=STIXIntegralsUp-BoldSTIXIntegralsUp-Regular=STIXIntegralsUp-RegularSTIXIntegralsUp-Regular=STIXIntegralsUp-RegularSTIXIntegralsUpD-Bold=STIXIntegralsUpD-BoldSTIXIntegralsUpD-Bold=STIXIntegralsUpD-BoldSTIXIntegralsUpD-Regular=STIXIntegralsUpD-RegularSTIXIntegralsUpD-Regular=STIXIntegralsUpD-RegularSTIXIntegralsUpSm-Bold=STIXIntegralsUpSm-BoldSTIXIntegralsUpSm-Bold=STIXIntegralsUpSm-BoldSTIXIntegralsUpSm-Regular=STIXIntegralsUpSm-RegularSTIXIntegralsUpSm-Regular=STIXIntegralsUpSm-RegularSTIXNonUnicode-BoldItalic=STIXNonUnicode-BoldItalicSTIXNonUnicode-BoldItalic=STIXNonUnicode-BoldItalicSTIXNonUnicode-Italic=STIXNonUnicode-ItalicSTIXNonUnicode-Italic=STIXNonUnicode-ItalicSTIXNonUnicode-Regular=STIXNonUnicode-RegularSTIXNonUnicode-Regular=STIXNonUnicode-RegularSTIXSizeFiveSym-Regular=STIXSizeFiveSym-RegularSTIXSizeFiveSym-Regular=STIXSizeFiveSym-RegularSTIXSizeFourSym-Bold=STIXSizeFourSym-BoldSTIXSizeFourSym-Bold=STIXSizeFourSym-BoldSTIXSizeFourSym-Regular=STIXSizeFourSym-RegularSTIXSizeFourSym-Regular=STIXSizeFourSym-RegularSTIXSizeOneSym-Bold=STIXSizeOneSym-BoldSTIXSizeOneSym-Bold=STIXSizeOneSym-BoldSTIXSizeOneSym-Regular=STIXSizeOneSym-RegularSTIXSizeOneSym-Regular=STIXSizeOneSym-RegularSTIXSizeThreeSym-Bold=STIXSizeThreeSym-BoldSTIXSizeThreeSym-Bold=STIXSizeThreeSym-BoldSTIXSizeThreeSym-Regular=STIXSizeThreeSym-RegularSTIXSizeThreeSym-Regular=STIXSizeThreeSym-RegularSTIXSizeTwoSym-Bold=STIXSizeTwoSym-BoldSTIXSizeTwoSym-Bold=STIXSizeTwoSym-BoldSTIXSizeTwoSym-Regular=STIXSizeTwoSym-RegularSTIXSizeTwoSym-Regular=STIXSizeTwoSym-RegularSTIXVariants-Bold=STIXVariants-BoldSTIXVariants-Bold=STIXVariants-BoldSTIXVariants-Regular=STIXVariants-RegularSTIXVariants-Regular=STIXVariants-RegularSTKaiti=STKaitiSTKaiti=STKaitiSTSong=STSongSTSong=STSongSTXihei=STXiheiSTXihei=STXiheiSukhumvit Set Light=SukhumvitSet-LightSukhumvit Set Medium=SukhumvitSet-MediumSukhumvit Set Semi Bold=SukhumvitSet-SemiBoldSukhumvit Set Text=SukhumvitSet-TextSukhumvit Set Thin=SukhumvitSet-ThinSuperclarendon Black Italic=Superclarendon-BlackItalicSuperclarendon Black Italic=Superclarendon-BlackItalicSuperclarendon Black=Superclarendon-BlackSuperclarendon Black=Superclarendon-BlackSuperclarendon Bold Italic=Superclarendon-BoldItalicSuperclarendon Bold Italic=Superclarendon-BoldItalicSuperclarendon Bold=Superclarendon-BoldSuperclarendon Bold=Superclarendon-BoldSuperclarendon Italic=Superclarendon-ItalicSuperclarendon Italic=Superclarendon-ItalicSuperclarendon Light Italic=Superclarendon-LightItalicSuperclarendon Light Italic=Superclarendon-LightItalicSuperclarendon Light=Superclarendon-LightSuperclarendon Light=Superclarendon-LightSuperclarendon Regular=Superclarendon-RegularSuperclarendon Regular=Superclarendon-RegularSymbol=SymbolSymbol=SymbolTahoma Negreta=Tahoma-BoldTahoma=TahomaTahoma=TahomaTamil MN Bold=TamilMN-BoldTamil MN Bold=TamilMN-BoldTamil MN=TamilMNTamil MN=TamilMNTamil Sangam MN Bold=TamilSangamMN-BoldTamil Sangam MN Bold=TamilSangamMN-BoldTamil Sangam MN=TamilSangamMNTamil Sangam MN=TamilSangamMNTelugu MN Bold=TeluguMN-BoldTelugu MN Bold=TeluguMN-BoldTelugu MN=TeluguMNTelugu MN=TeluguMNTelugu Sangam MN Bold=TeluguSangamMN-BoldTelugu Sangam MN Bold=TeluguSangamMN-BoldTelugu Sangam MN=TeluguSangamMNTelugu Sangam MN=TeluguSangamMNThonburi Bold=Thonburi-BoldThonburi Bold=Thonburi-BoldThonburi Light=Thonburi-LightThonburi Light=Thonburi-LightThonburi=ThonburiThonburi=ThonburiTimes Bold Italic=Times-BoldItalicTimes Bold Italic=Times-BoldItalicTimes Bold=Times-BoldTimes Bold=Times-BoldTimes Italic=Times-ItalicTimes Italic=Times-ItalicTimes New Roman Bold Italic=TimesNewRomanPS-BoldItalicMTTimes New Roman Bold Italic=TimesNewRomanPS-BoldItalicMTTimes New Roman Italic=TimesNewRomanPS-ItalicMTTimes New Roman Italic=TimesNewRomanPS-ItalicMTTimes New Roman=TimesNewRomanPSMTTimes New Roman=TimesNewRomanPSMTTimes Roman=Times-RomanTimes Roman=Times-RomanTingRoman=TingRomanTrattatello=TrattatelloTrebuchet MS Bold Italic=Trebuchet-BoldItalicTrebuchet MS Bold Italic=Trebuchet-BoldItalicTrebuchet MS Bold=TrebuchetMS-BoldTrebuchet MS Bold=TrebuchetMS-BoldTrebuchet MS Italic=TrebuchetMS-ItalicTrebuchet MS Italic=TrebuchetMS-ItalicTrebuchet MS=TrebuchetMSTrebuchet MS=TrebuchetMSVerdana Bold Italic=Verdana-BoldItalicVerdana Bold Italic=Verdana-BoldItalicVerdana Bold=Verdana-BoldVerdana Bold=Verdana-BoldVerdana Italic=Verdana-ItalicVerdana Italic=Verdana-ItalicVerdana=VerdanaVerdana=VerdanaWaseem Light=WaseemLightWaseem Light=WaseemLightWaseem Regular=WaseemWaseem=WaseemWawati TC Regular=DFWaWaTC-W5Wawati TC Regular=DFWaWaTC-W5Webdings=WebdingsWeibei SC Bold=Weibei-SC-BoldWeibei SC Bold=Weibei-SC-BoldWeibei TC Bold=Weibei-TC-BoldWingdings 2=Wingdings2Wingdings 2=Wingdings2Wingdings 3=Wingdings3Wingdings 3=Wingdings3Wingdings=Wingdings-RegularXingkai SC Bold=STXingkai-SC-BoldXingkai SC Light=STXingkai-SC-LightXingkai SC Light=STXingkai-SC-LightYuanti SC Bold=STYuanti-SC-BoldYuanti SC Light=STYuanti-SC-LightYuanti SC Light=STYuanti-SC-LightYuanti SC Regular=STYuanti-SC-RegularYuanti SC Regular=STYuanti-SC-RegularYuGothic Bold=YuGo-BoldYuGothic Bold=YuGo-BoldYuGothic Medium=YuGo-MediumYuGothic Medium=YuGo-MediumYuMincho Demibold=YuMin-DemiboldYuMincho Demibold=YuMin-DemiboldYuMincho Medium=YuMin-MediumYuMincho Medium=YuMin-MediumYuppy SC Regular=YuppySC-RegularYuppy TC Regular=YuppyTC-RegularYuppy TC Regular=YuppyTC-RegularZapf Dingbats=ZapfDingbatsITCZapf Dingbats=ZapfDingbatsITCZapfino=ZapfinoZapfino=ZapfinoZawgyi-One=Zawgyi-OnePalatino Italic=Palatino-Italic